{"cameraMode":{"drawMode":0,"name":"Shaded","section":"Shading Mode"},"sceneLighting":true,"audioPlay":false,"sceneViewState":{"showFog":true,"showMaterialUpdate":false,"showSkybox":true,"showFlares":true,"showImageEffects":true,"showParticleSystems":true},"in2DMode":false,"pivot":{"x":-1.182831883430481,"y":-3.282273530960083,"z":1.507070541381836},"rotation":{"x":0.16573114693164826,"y":-0.002958513330668211,"z":0.0004971497692167759,"w":0.9861679077148438},"size":10.0,"orthographic":false}